Roll Number, Name, Social Science, Statistics, Maths, English, Computer Science, Percentage, Grade,
1, Andy, 90, 87, 68, 89, 90, 84.800000, A,
2, Bill, 78, 98, 100, 88, 92, 91.200000, A,
3, Cindy, 98, 89, 100, 77, 80, 88.800000, A,
4, Peter, 91, 89, 78, 89, 90, 87.400000, A,
5, Martin, 90, 87, 76, 88, 82, 84.600000, A,
6, Sam, 90, 100, 97, 76, 78, 88.200000, A,
7, Judy, 90, 100, 89, 97, 96, 94.400000, A,
8, Marry, 100, 90, 89, 78, 90, 89.400000, A,
9, Tina, 100, 80, 99, 89, 87, 91.000000, A,
